INSERT INTO publisher VALUES(1,"PHI","INDIA");
INSERT INTO publisher VALUES(2,"Harper","USA");
INSERT INTO publisher VALUES(3,"GCP","USA");
INSERT INTO publisher VALUES(4,"Avery","USA");
INSERT INTO publisher VALUES(5,"Del Ray","UK");
INSERT INTO publisher VALUES(6,"Vintage","UK");
INSERT INTO books VALUES(1,"The C Programming Language",1);
INSERT INTO books VALUES(2,"The Go Programming Language",1);
INSERT INTO books VALUES(3,"The UNIX Programming Environment",1);
INSERT INTO books VALUES(4,"Cryptonomicon",2);
INSERT INTO books VALUES(5,"Deep Work",3);
INSERT INTO books VALUES(6,"Atomic Habits",4);
INSERT INTO books VALUES(7,"The City and The City",5);
INSERT INTO books VALUES(8,"The Great War for Civilisation",6);
INSERT INTO subjects VALUES(1,"C");
INSERT INTO subjects VALUES(2,"UNIX");
INSERT INTO subjects VALUES(3,"Technology");
INSERT INTO subjects VALUES(4,"Science Fiction");
INSERT INTO subjects VALUES(5,"Productivity");
INSERT INTO subjects VALUES(6,"Psycology");
INSERT INTO subjects VALUES(7,"Politics");
INSERT INTO subjects VALUES(8,"History");
INSERT INTO subjects VALUES(9,"Go");
INSERT INTO books_subjects(book,subject)VALUES(1,1);
INSERT INTO books_subjects(book,subject)VALUES(1,2);
INSERT INTO books_subjects(book,subject)VALUES(1,3);
INSERT INTO books_subjects(book,subject)VALUES(2,9);
INSERT INTO books_subjects(book,subject)VALUES(2,3);
INSERT INTO books_subjects(book,subject)VALUES(3,2);
INSERT INTO books_subjects(book,subject)VALUES(3,3);
INSERT INTO books_subjects(book,subject)VALUES(4,3);
INSERT INTO books_subjects(book,subject)VALUES(4,4);
INSERT INTO books_subjects(book,subject)VALUES(5,3);
INSERT INTO books_subjects(book,subject)VALUES(5,5);
INSERT INTO books_subjects(book,subject)VALUES(6,5);
INSERT INTO books_subjects(book,subject)VALUES(6,7);
INSERT INTO books_subjects(book,subject)VALUES(7,4);
INSERT INTO books_subjects(book,subject)VALUES(7,7);
INSERT INTO books_subjects(book,subject)VALUES(8,7);
INSERT INTO books_subjects(book,subject)VALUES(8,8);

